,mean,sd,hdi_2.5%,hdi_97.5%,mcse_mean,mcse_sd,ess_bulk,ess_tail,r_hat
mu_group[0],-1.912,0.124,-2.153,-1.663,0.001,0.001,17339.0,12824.0,1.0
mu_group[1],-1.288,0.414,-2.184,-0.492,0.004,0.007,13045.0,9807.0,1.0
mu_group[2],-1.373,0.146,-1.659,-1.083,0.001,0.002,16843.0,12277.0,1.0
mu_group[3],-1.991,0.081,-2.149,-1.834,0.001,0.001,14499.0,12883.0,1.0
alpha_country[0],-1.719,0.219,-2.161,-1.305,0.002,0.002,17884.0,12269.0,1.0
alpha_country[1],-1.714,0.254,-2.212,-1.215,0.002,0.002,17102.0,11489.0,1.0
alpha_country[2],-2.326,0.286,-2.901,-1.777,0.002,0.002,18334.0,12544.0,1.0
alpha_country[3],-1.979,0.211,-2.384,-1.56,0.002,0.002,13049.0,11235.0,1.0
alpha_country[4],-1.3,0.173,-1.644,-0.959,0.001,0.002,15184.0,10969.0,1.0
alpha_country[5],-1.88,0.225,-2.321,-1.434,0.002,0.002,12471.0,10395.0,1.0
alpha_country[6],-1.474,0.264,-1.976,-0.953,0.002,0.002,12966.0,11170.0,1.0
alpha_country[7],-1.718,0.223,-2.161,-1.285,0.002,0.002,17830.0,11622.0,1.0
alpha_country[8],-2.331,0.258,-2.868,-1.855,0.002,0.002,14811.0,11699.0,1.0
alpha_country[9],-1.423,0.321,-2.121,-0.83,0.002,0.003,20510.0,13361.0,1.0
alpha_country[10],-1.842,0.207,-2.268,-1.453,0.002,0.002,11139.0,10191.0,1.0
alpha_country[11],-2.116,0.214,-2.524,-1.692,0.002,0.002,13301.0,11575.0,1.0
alpha_country[12],-2.551,0.248,-3.039,-2.07,0.002,0.002,10062.0,9605.0,1.0
alpha_country[13],-1.903,0.182,-2.269,-1.559,0.002,0.002,13178.0,11242.0,1.0
alpha_country[14],-1.397,0.222,-1.839,-0.967,0.002,0.002,11874.0,9770.0,1.0
alpha_country[15],-1.876,0.255,-2.37,-1.368,0.002,0.002,19145.0,12976.0,1.0
alpha_country[16],-2.693,0.297,-3.278,-2.12,0.002,0.002,14124.0,11984.0,1.0
alpha_country[17],-1.544,0.22,-1.975,-1.115,0.002,0.002,12371.0,10555.0,1.0
alpha_country[18],-1.742,0.202,-2.133,-1.34,0.002,0.002,13392.0,10554.0,1.0
alpha_country[19],-1.342,0.257,-1.829,-0.805,0.002,0.003,13011.0,10325.0,1.0
alpha_country[20],-2.128,0.447,-3.017,-1.262,0.003,0.005,21420.0,11315.0,1.0
alpha_country[21],-2.087,0.249,-2.593,-1.617,0.002,0.002,14854.0,10473.0,1.0
alpha_country[22],-2.093,0.216,-2.508,-1.663,0.002,0.002,11381.0,11167.0,1.0
alpha_country[23],-2.568,0.235,-3.02,-2.106,0.002,0.002,10374.0,10362.0,1.0
alpha_country[24],-1.768,0.218,-2.199,-1.331,0.002,0.002,10489.0,5771.0,1.0
alpha_country[25],-1.912,0.256,-2.4,-1.39,0.002,0.002,16778.0,12040.0,1.0
alpha_country[26],-2.11,0.285,-2.668,-1.548,0.002,0.002,19294.0,12790.0,1.0
alpha_country[27],-1.05,0.17,-1.38,-0.715,0.002,0.001,9717.0,10801.0,1.0
alpha_country[28],-2.112,0.249,-2.59,-1.622,0.002,0.002,16844.0,12286.0,1.0
alpha_country[29],-1.901,0.227,-2.334,-1.441,0.002,0.002,16817.0,12081.0,1.0
alpha_country[30],-1.566,0.178,-1.916,-1.221,0.002,0.001,13751.0,12040.0,1.0
alpha_country[31],-2.076,0.202,-2.471,-1.681,0.002,0.002,14775.0,11021.0,1.0
alpha_country[32],-0.953,0.216,-1.386,-0.538,0.002,0.002,9880.0,9313.0,1.0
alpha_country[33],-2.039,0.222,-2.471,-1.6,0.002,0.002,12400.0,11321.0,1.0
alpha_country[34],-1.756,0.249,-2.243,-1.267,0.002,0.002,19007.0,12338.0,1.0
alpha_country[35],-2.343,0.214,-2.759,-1.929,0.002,0.002,10699.0,10675.0,1.0
alpha_country[36],-1.529,0.255,-2.04,-1.046,0.002,0.002,15037.0,12327.0,1.0
alpha_country[37],-2.368,0.212,-2.793,-1.968,0.002,0.002,9803.0,10064.0,1.0
alpha_country[38],-1.122,0.199,-1.507,-0.721,0.002,0.002,13302.0,11362.0,1.0
alpha_country[39],-2.427,0.281,-2.984,-1.883,0.002,0.002,16640.0,11432.0,1.0
alpha_country[40],-1.742,0.255,-2.232,-1.227,0.002,0.002,15608.0,11150.0,1.0
alpha_country[41],-1.868,0.418,-2.723,-1.06,0.003,0.004,21517.0,12232.0,1.0
alpha_country[42],-1.747,0.317,-2.329,-1.086,0.002,0.003,21234.0,12172.0,1.0
alpha_country[43],-1.691,0.193,-2.061,-1.306,0.002,0.002,13764.0,11663.0,1.0
alpha_country[44],-2.577,0.222,-3.023,-2.149,0.002,0.002,9314.0,7946.0,1.0
alpha_country[45],-2.385,0.214,-2.792,-1.955,0.002,0.002,12351.0,11616.0,1.0
alpha_country[46],-1.445,0.141,-1.728,-1.168,0.001,0.001,10873.0,10777.0,1.0
alpha_country[47],-1.682,0.343,-2.371,-1.025,0.002,0.003,20927.0,12065.0,1.0
alpha_country[48],-0.916,0.143,-1.226,-0.639,0.001,0.002,10832.0,9025.0,1.0
alpha_country[49],-1.779,0.304,-2.361,-1.188,0.003,0.002,11526.0,11801.0,1.0
alpha_country[50],-1.659,0.205,-2.057,-1.25,0.002,0.002,11961.0,11239.0,1.0
alpha_country[51],-1.781,0.248,-2.253,-1.285,0.002,0.002,15696.0,11383.0,1.0
alpha_country[52],-2.241,0.261,-2.786,-1.757,0.002,0.002,20380.0,13229.0,1.0
alpha_country[53],-2.531,0.331,-3.217,-1.919,0.003,0.003,16351.0,11823.0,1.0
alpha_country[54],-1.61,0.238,-2.072,-1.141,0.002,0.002,15394.0,11889.0,1.0
alpha_country[55],-1.681,0.22,-2.104,-1.24,0.002,0.002,14152.0,11870.0,1.0
alpha_country[56],-1.645,0.213,-2.057,-1.218,0.002,0.002,11506.0,11304.0,1.0
alpha_country[57],-1.523,0.278,-2.069,-0.978,0.002,0.002,12710.0,9721.0,1.0
alpha_country[58],-1.193,0.235,-1.649,-0.726,0.003,0.002,8893.0,8287.0,1.0
alpha_country[59],-1.927,0.281,-2.503,-1.4,0.002,0.002,17129.0,11301.0,1.0
alpha_country[60],-1.755,0.216,-2.167,-1.317,0.002,0.002,12382.0,11011.0,1.0
alpha_country[61],-1.749,0.211,-2.158,-1.328,0.002,0.002,12667.0,11267.0,1.0
alpha_country[62],-1.794,0.223,-2.212,-1.333,0.002,0.002,13896.0,11251.0,1.0
alpha_country[63],-1.858,0.257,-2.361,-1.355,0.002,0.002,18334.0,12572.0,1.0
alpha_country[64],-2.174,0.235,-2.62,-1.702,0.002,0.002,16041.0,11422.0,1.0
alpha_country[65],-1.567,0.216,-2.01,-1.162,0.002,0.002,15545.0,12344.0,1.0
alpha_country[66],-2.071,0.229,-2.529,-1.632,0.002,0.002,13381.0,10563.0,1.0
alpha_country[67],-1.825,0.206,-2.24,-1.434,0.002,0.002,10370.0,9813.0,1.0
alpha_country[68],-1.106,0.177,-1.454,-0.763,0.001,0.001,14104.0,11460.0,1.0
alpha_country[69],-1.705,0.227,-2.147,-1.259,0.002,0.002,15648.0,10941.0,1.0
alpha_country[70],-2.216,0.235,-2.664,-1.747,0.002,0.002,14575.0,10861.0,1.0
alpha_country[71],-2.008,0.208,-2.417,-1.605,0.002,0.002,12301.0,10691.0,1.0
alpha_country[72],-1.878,0.204,-2.281,-1.48,0.002,0.002,9414.0,9323.0,1.0
alpha_country[73],-2.644,0.25,-3.134,-2.146,0.002,0.002,10165.0,10180.0,1.0
z_source[0],-0.439,0.914,-2.205,1.322,0.006,0.008,24947.0,11209.0,1.0
z_source[1],1.166,0.627,-0.02,2.441,0.004,0.005,20730.0,12963.0,1.0
z_source[2],-0.107,0.995,-1.987,1.88,0.006,0.009,23941.0,9671.0,1.0
z_source[3],0.644,0.406,-0.125,1.47,0.004,0.003,12353.0,11317.0,1.0
z_source[4],-0.529,0.436,-1.411,0.302,0.004,0.004,13737.0,11870.0,1.0
z_source[5],-0.123,0.962,-2.025,1.757,0.006,0.009,25455.0,11002.0,1.0
z_source[6],-1.344,0.467,-2.237,-0.406,0.004,0.003,14790.0,13125.0,1.0
z_source[7],-0.103,0.614,-1.308,1.089,0.004,0.005,19069.0,13140.0,1.0
z_source[8],-0.292,0.737,-1.682,1.191,0.005,0.006,24313.0,13239.0,1.0
z_source[9],0.096,0.438,-0.778,0.926,0.004,0.003,14357.0,12353.0,1.0
z_source[10],-0.209,0.402,-1.03,0.542,0.004,0.003,10323.0,10375.0,1.0
z_source[11],0.015,0.449,-0.837,0.917,0.004,0.004,14862.0,11432.0,1.0
z_source[12],1.805,0.64,0.594,3.109,0.005,0.005,16047.0,12708.0,1.0
z_source[13],-0.266,0.486,-1.224,0.674,0.004,0.004,13150.0,12027.0,1.0
z_source[14],-0.141,0.439,-1.017,0.698,0.004,0.003,12550.0,11704.0,1.0
z_source[15],0.346,0.465,-0.575,1.242,0.004,0.004,14105.0,10401.0,1.0
z_source[16],0.602,0.403,-0.191,1.386,0.004,0.003,12178.0,11460.0,1.0
z_source[17],0.012,0.41,-0.75,0.832,0.004,0.003,9887.0,10724.0,1.0
z_source[18],0.329,0.824,-1.367,1.871,0.006,0.008,22552.0,10699.0,1.0
z_source[19],-0.717,0.539,-1.766,0.335,0.005,0.004,13264.0,12931.0,1.0
z_source[20],-0.904,0.711,-2.327,0.448,0.007,0.005,11722.0,12035.0,1.0
z_source[21],-0.478,0.914,-2.335,1.244,0.006,0.009,24377.0,11265.0,1.0
z_source[22],0.748,0.532,-0.275,1.814,0.004,0.004,17336.0,12158.0,1.0
z_source[23],-0.417,0.458,-1.291,0.509,0.004,0.003,11143.0,11920.0,1.0
z_source[24],1.961,0.699,0.587,3.337,0.005,0.006,20737.0,12701.0,1.0
z_source[25],0.546,0.449,-0.344,1.414,0.005,0.003,9585.0,9288.0,1.0
z_source[26],-0.032,0.461,-0.927,0.869,0.004,0.004,15986.0,11284.0,1.0
z_source[27],0.632,0.757,-0.847,2.12,0.005,0.007,21359.0,11179.0,1.0
z_source[28],1.599,0.532,0.543,2.62,0.004,0.004,18271.0,13588.0,1.0
z_source[29],-0.312,0.929,-2.13,1.526,0.006,0.009,26178.0,10122.0,1.0
z_source[30],-0.496,0.684,-1.812,0.856,0.005,0.005,18328.0,12346.0,1.0
z_source[31],-1.872,0.557,-2.952,-0.773,0.004,0.004,17209.0,13600.0,1.0
z_source[32],-0.129,0.906,-1.867,1.674,0.007,0.007,16474.0,12231.0,1.0
z_source[33],0.602,0.435,-0.222,1.483,0.004,0.003,13409.0,11394.0,1.0
z_source[34],-2.847,0.591,-4.012,-1.696,0.005,0.005,14199.0,11224.0,1.0
z_source[35],-0.576,0.507,-1.543,0.455,0.004,0.004,18488.0,12328.0,1.0
z_source[36],0.122,0.626,-1.116,1.322,0.005,0.004,13911.0,12670.0,1.0
z_source[37],-0.528,0.608,-1.702,0.683,0.004,0.005,18893.0,12961.0,1.0
z_source[38],0.079,0.812,-1.56,1.607,0.006,0.007,21611.0,11817.0,1.0
z_source[39],-0.17,0.755,-1.648,1.321,0.005,0.007,21687.0,11126.0,1.0
z_source[40],0.885,0.507,-0.109,1.88,0.004,0.004,19021.0,11628.0,1.0
z_source[41],-0.124,0.422,-0.969,0.687,0.004,0.003,11367.0,11131.0,1.0
z_source[42],0.549,0.733,-0.837,2.036,0.005,0.006,22213.0,11791.0,1.0
z_source[43],-0.917,0.883,-2.635,0.825,0.006,0.008,22787.0,10741.0,1.0
z_source[44],1.392,0.583,0.253,2.555,0.005,0.005,12958.0,12246.0,1.0
z_source[45],0.837,0.401,0.06,1.631,0.004,0.003,12203.0,10549.0,1.0
z_source[46],-0.45,0.523,-1.487,0.549,0.004,0.005,13837.0,10617.0,1.0
z_source[47],-0.513,0.65,-1.784,0.768,0.005,0.005,18855.0,12955.0,1.0
z_source[48],0.199,0.916,-1.569,2.019,0.006,0.009,22965.0,10759.0,1.0
z_source[49],-0.433,0.877,-2.135,1.325,0.006,0.008,24109.0,11374.0,1.0
z_source[50],0.002,0.736,-1.479,1.411,0.005,0.006,22199.0,12349.0,1.0
z_source[51],-0.297,0.578,-1.437,0.828,0.005,0.004,11175.0,11918.0,1.0
z_source[52],1.19,0.672,-0.117,2.505,0.006,0.005,11104.0,10358.0,1.0
z_source[53],-0.33,0.949,-2.172,1.532,0.006,0.009,24186.0,10896.0,1.0
z_source[54],-0.212,0.406,-1.011,0.577,0.004,0.003,13005.0,11549.0,1.0
z_source[55],-1.498,0.44,-2.368,-0.654,0.004,0.003,13085.0,12675.0,1.0
z_source[56],0.794,0.429,-0.041,1.646,0.004,0.004,12600.0,10460.0,1.0
z_source[57],0.357,0.516,-0.666,1.343,0.004,0.004,13206.0,12415.0,1.0
z_source[58],0.326,0.424,-0.538,1.129,0.004,0.004,13919.0,11221.0,1.0
z_source[59],-0.444,0.409,-1.252,0.349,0.004,0.003,13217.0,11327.0,1.0
z_source[60],0.142,0.505,-0.895,1.106,0.004,0.004,16137.0,11951.0,1.0
z_source[61],-0.207,0.495,-1.168,0.769,0.004,0.004,18061.0,12317.0,1.0
z_source[62],0.884,0.641,-0.397,2.115,0.005,0.005,19904.0,13553.0,1.0
z_source[63],-0.21,0.962,-2.081,1.704,0.006,0.009,26169.0,11148.0,1.0
z_source[64],-0.481,0.623,-1.721,0.722,0.005,0.005,19142.0,12510.0,1.0
z_source[65],-0.125,0.464,-1.031,0.793,0.004,0.003,17001.0,12820.0,1.0
z_source[66],0.518,0.582,-0.574,1.691,0.005,0.004,13696.0,11697.0,1.0
z_source[67],0.31,0.601,-0.907,1.448,0.004,0.005,20175.0,12912.0,1.0
z_source[68],0.119,0.437,-0.761,0.947,0.004,0.004,12975.0,11390.0,1.0
z_source[69],0.126,0.525,-0.897,1.145,0.005,0.004,12988.0,11620.0,1.0
z_source[70],0.511,0.469,-0.41,1.429,0.004,0.004,12902.0,11038.0,1.0
z_source[71],0.586,0.585,-0.593,1.674,0.005,0.005,14656.0,11357.0,1.0
z_source[72],0.01,0.937,-1.761,1.89,0.006,0.008,24318.0,11247.0,1.0
z_source[73],-0.646,0.458,-1.514,0.256,0.004,0.004,12638.0,11397.0,1.0
z_source[74],1.055,0.454,0.211,1.996,0.004,0.004,11872.0,11638.0,1.0
z_source[75],-0.783,0.48,-1.74,0.145,0.005,0.004,11263.0,10936.0,1.0
z_source[76],-0.444,0.552,-1.54,0.607,0.004,0.004,17652.0,13307.0,1.0
z_source[77],-0.343,0.443,-1.175,0.565,0.004,0.004,13704.0,11714.0,1.0
z_source[78],-0.35,0.601,-1.558,0.76,0.005,0.004,13189.0,13095.0,1.0
z_source[79],0.624,0.571,-0.461,1.771,0.004,0.004,20094.0,13275.0,1.0
z_source[80],0.573,0.419,-0.226,1.411,0.004,0.003,12896.0,12335.0,1.0
z_source[81],-0.174,0.56,-1.299,0.893,0.004,0.004,16746.0,12622.0,1.0
z_source[82],0.689,0.425,-0.14,1.54,0.004,0.004,13980.0,10805.0,1.0
z_source[83],0.267,0.747,-1.191,1.72,0.005,0.006,20824.0,12990.0,1.0
z_source[84],0.729,0.421,-0.056,1.589,0.004,0.003,11198.0,10801.0,1.0
z_source[85],0.983,0.448,0.095,1.852,0.004,0.004,14851.0,11974.0,1.0
z_source[86],0.185,0.504,-0.817,1.167,0.004,0.004,12895.0,11075.0,1.0
z_source[87],-1.825,0.515,-2.814,-0.807,0.004,0.004,15378.0,12643.0,1.0
z_source[88],1.123,0.479,0.193,2.061,0.004,0.004,13480.0,11236.0,1.0
z_source[89],0.094,0.649,-1.245,1.296,0.005,0.005,20741.0,13540.0,1.0
z_source[90],0.417,0.802,-1.19,1.953,0.005,0.008,23006.0,11269.0,1.0
z_source[91],0.117,0.554,-0.986,1.175,0.004,0.004,18828.0,13827.0,1.0
z_source[92],1.318,0.555,0.184,2.356,0.004,0.004,17983.0,13405.0,1.0
z_source[93],0.318,0.504,-0.66,1.314,0.004,0.004,13370.0,11824.0,1.0
z_source[94],0.752,0.739,-0.649,2.239,0.005,0.006,22577.0,11976.0,1.0
z_source[95],0.903,0.718,-0.55,2.266,0.005,0.006,21814.0,12063.0,1.0
z_source[96],0.219,0.457,-0.658,1.128,0.005,0.004,9952.0,10085.0,1.0
z_source[97],-0.053,0.972,-2.006,1.766,0.006,0.009,26764.0,10335.0,1.0
z_source[98],-0.406,0.93,-2.278,1.383,0.006,0.008,25168.0,11153.0,1.0
z_source[99],-1.602,0.417,-2.438,-0.802,0.004,0.003,11231.0,11103.0,1.0
z_source[100],0.452,0.546,-0.594,1.547,0.004,0.004,20064.0,13837.0,1.0
z_source[101],0.693,0.544,-0.38,1.732,0.004,0.004,16723.0,12153.0,1.0
z_source[102],-1.073,0.548,-2.147,0.0,0.004,0.004,15199.0,11622.0,1.0
z_source[103],-0.793,0.491,-1.754,0.165,0.005,0.004,10790.0,11311.0,1.0
z_source[104],0.516,0.667,-0.794,1.826,0.006,0.005,11364.0,11636.0,1.0
z_source[105],-0.231,0.64,-1.496,1.014,0.004,0.005,22195.0,12214.0,1.0
z_source[106],1.23,0.588,0.082,2.377,0.004,0.004,21039.0,13614.0,1.0
z_source[107],-0.255,0.952,-2.102,1.652,0.006,0.009,25972.0,10730.0,1.0
z_source[108],0.383,0.437,-0.472,1.254,0.004,0.004,10186.0,10285.0,1.0
z_source[109],0.761,0.82,-0.883,2.322,0.005,0.007,23108.0,10722.0,1.0
z_source[110],-0.193,0.956,-2.074,1.678,0.006,0.009,23715.0,10461.0,1.0
z_source[111],0.096,0.612,-1.099,1.285,0.004,0.004,22101.0,14132.0,1.0
z_source[112],0.003,0.676,-1.28,1.364,0.005,0.005,17778.0,12875.0,1.0
z_source[113],-0.101,0.97,-2.015,1.771,0.006,0.008,24295.0,11155.0,1.0
z_source[114],-0.067,1.001,-2.141,1.792,0.006,0.009,26193.0,10551.0,1.0
z_source[115],-0.332,0.436,-1.224,0.489,0.004,0.003,12826.0,11001.0,1.0
z_source[116],0.417,0.481,-0.55,1.329,0.004,0.004,14361.0,11094.0,1.0
z_source[117],0.223,0.394,-0.545,0.989,0.004,0.003,10381.0,10115.0,1.0
z_source[118],-1.472,0.435,-2.315,-0.622,0.004,0.003,11394.0,11527.0,1.0
z_source[119],0.606,0.602,-0.561,1.761,0.004,0.005,18193.0,12895.0,1.0
z_source[120],-0.089,0.424,-0.946,0.712,0.004,0.003,12279.0,11540.0,1.0
z_source[121],0.357,0.544,-0.68,1.444,0.005,0.004,13295.0,12616.0,1.0
z_source[122],-0.157,0.776,-1.669,1.367,0.005,0.007,25310.0,12378.0,1.0
z_source[123],-0.138,0.909,-1.94,1.623,0.006,0.008,24523.0,10306.0,1.0
z_source[124],-0.351,0.498,-1.34,0.607,0.005,0.004,12006.0,10959.0,1.0
z_source[125],-0.43,0.922,-2.249,1.347,0.006,0.008,25840.0,11056.0,1.0
z_source[126],0.949,0.447,0.064,1.818,0.004,0.004,12706.0,11364.0,1.0
z_source[127],0.855,0.451,-0.024,1.751,0.004,0.004,12454.0,11715.0,1.0
z_source[128],0.892,0.492,-0.08,1.836,0.004,0.004,14606.0,11690.0,1.0
z_source[129],0.404,0.431,-0.401,1.283,0.004,0.003,14687.0,12054.0,1.0
z_source[130],0.296,0.574,-0.86,1.372,0.005,0.005,16263.0,12198.0,1.0
z_source[131],-0.464,0.803,-1.988,1.169,0.005,0.007,23527.0,11814.0,1.0
z_source[132],1.088,0.606,-0.124,2.243,0.004,0.005,19213.0,13711.0,1.0
z_source[133],-0.097,0.611,-1.288,1.091,0.005,0.005,13855.0,13119.0,1.0
z_source[134],1.114,0.425,0.274,1.932,0.004,0.003,9169.0,10803.0,1.0
z_source[135],-0.972,0.487,-1.933,-0.038,0.004,0.004,14170.0,10817.0,1.0
z_source[136],-1.865,0.677,-3.186,-0.527,0.005,0.005,19711.0,13857.0,1.0
z_source[137],-0.327,0.681,-1.672,0.973,0.005,0.005,21317.0,12524.0,1.0
z_source[138],0.063,0.427,-0.762,0.919,0.004,0.003,12648.0,11685.0,1.0
z_source[139],-1.851,0.62,-3.092,-0.65,0.005,0.005,18151.0,13380.0,1.0
z_source[140],0.286,0.663,-0.963,1.643,0.005,0.005,19536.0,12402.0,1.0
z_source[141],-1.503,0.523,-2.526,-0.479,0.004,0.004,15613.0,12247.0,1.0
z_source[142],-0.256,0.944,-2.087,1.602,0.006,0.009,23964.0,10650.0,1.0
z_source[143],-0.532,0.531,-1.612,0.466,0.004,0.005,14164.0,10989.0,1.0
z_source[144],0.319,0.404,-0.472,1.107,0.004,0.003,13177.0,11009.0,1.0
z_source[145],0.46,0.478,-0.457,1.412,0.005,0.004,10529.0,10811.0,1.0
z_source[146],-1.643,0.479,-2.595,-0.724,0.004,0.003,12283.0,11260.0,1.0
z_source[147],1.368,0.494,0.425,2.35,0.004,0.004,12163.0,11339.0,1.0
z_source[148],-1.554,0.676,-2.913,-0.27,0.005,0.005,19991.0,11240.0,1.0
z_source[149],0.777,0.821,-0.819,2.384,0.005,0.007,23674.0,11497.0,1.0
z_source[150],-0.229,0.541,-1.323,0.825,0.004,0.004,15976.0,12388.0,1.0
z_source[151],0.608,0.614,-0.591,1.815,0.004,0.005,18663.0,12129.0,1.0
z_source[152],1.088,0.796,-0.468,2.644,0.005,0.007,21856.0,11030.0,1.0
z_source[153],-1.598,0.752,-3.09,-0.143,0.005,0.006,22365.0,11269.0,1.0
z_source[154],-0.244,0.968,-2.14,1.621,0.006,0.009,25170.0,11057.0,1.0
z_source[155],0.798,0.429,-0.038,1.652,0.004,0.004,12519.0,10955.0,1.0
z_source[156],0.322,0.543,-0.771,1.353,0.004,0.004,16424.0,12802.0,1.0
z_source[157],0.656,0.486,-0.286,1.613,0.004,0.004,18036.0,11483.0,1.0
z_source[158],0.463,0.538,-0.622,1.48,0.005,0.004,13201.0,12657.0,1.0
z_source[159],0.597,0.396,-0.182,1.369,0.004,0.003,11057.0,10563.0,1.0
z_source[160],0.528,0.467,-0.369,1.451,0.004,0.004,12690.0,11396.0,1.0
z_source[161],0.783,0.423,-0.029,1.631,0.004,0.003,10281.0,10933.0,1.0
z_source[162],0.17,0.418,-0.677,0.977,0.004,0.003,13427.0,12459.0,1.0
z_source[163],-0.49,0.537,-1.52,0.561,0.005,0.004,9594.0,11140.0,1.0
z_source[164],-0.63,0.569,-1.73,0.505,0.005,0.004,13738.0,12806.0,1.0
z_source[165],-1.233,0.619,-2.488,-0.053,0.005,0.004,16560.0,13909.0,1.0
z_source[166],-0.781,0.42,-1.611,0.046,0.004,0.003,11530.0,11016.0,1.0
z_source[167],0.601,0.542,-0.446,1.671,0.006,0.004,9517.0,11374.0,1.0
z_source[168],0.953,0.606,-0.287,2.086,0.004,0.005,22687.0,12535.0,1.0
z_source[169],0.394,0.413,-0.424,1.195,0.004,0.003,11285.0,11407.0,1.0
z_source[170],0.303,0.571,-0.759,1.471,0.004,0.004,16980.0,12241.0,1.0
z_source[171],-0.838,0.693,-2.195,0.519,0.005,0.006,20513.0,10537.0,1.0
z_source[172],-0.676,0.895,-2.375,1.125,0.006,0.007,19395.0,13601.0,1.0
z_source[173],-0.582,0.454,-1.469,0.314,0.004,0.004,12647.0,11812.0,1.0
z_source[174],0.285,0.902,-1.45,2.075,0.006,0.007,21800.0,12863.0,1.0
z_source[175],0.628,0.491,-0.285,1.635,0.004,0.004,15751.0,12818.0,1.0
z_source[176],-0.181,0.838,-1.827,1.425,0.005,0.007,23947.0,11609.0,1.0
z_source[177],0.581,0.418,-0.268,1.379,0.004,0.003,11168.0,11405.0,1.0
z_source[178],1.299,0.458,0.392,2.182,0.004,0.004,16533.0,12037.0,1.0
z_source[179],-0.067,1.015,-2.165,1.828,0.006,0.01,26211.0,9989.0,1.0
z_source[180],-0.666,0.527,-1.722,0.351,0.004,0.004,17589.0,13032.0,1.0
z_source[181],-1.452,0.491,-2.401,-0.471,0.004,0.004,13623.0,12030.0,1.0
z_source[182],0.68,0.589,-0.47,1.833,0.005,0.005,14882.0,11434.0,1.0
z_source[183],-1.812,0.686,-3.223,-0.533,0.005,0.006,22186.0,12154.0,1.0
z_source[184],0.727,0.416,-0.087,1.528,0.004,0.003,9586.0,10254.0,1.0
z_source[185],0.824,0.485,-0.132,1.77,0.004,0.004,16135.0,10938.0,1.0
z_source[186],0.09,0.907,-1.627,1.919,0.006,0.008,23653.0,11336.0,1.0
z_source[187],0.209,0.559,-0.838,1.332,0.005,0.004,13922.0,13009.0,1.0
z_source[188],0.305,0.818,-1.343,1.841,0.005,0.007,23213.0,11354.0,1.0
z_source[189],-0.981,0.603,-2.12,0.224,0.004,0.004,18182.0,12993.0,1.0
z_source[190],0.504,0.559,-0.545,1.642,0.004,0.005,15992.0,11653.0,1.0
z_source[191],0.75,0.492,-0.215,1.715,0.004,0.004,13444.0,11865.0,1.0
z_source[192],0.573,0.535,-0.485,1.598,0.005,0.004,12833.0,10593.0,1.0
z_source[193],-0.642,0.598,-1.85,0.491,0.004,0.004,17696.0,13027.0,1.0
z_source[194],0.127,0.394,-0.688,0.86,0.004,0.003,10511.0,10151.0,1.0
z_source[195],-1.77,0.7,-3.167,-0.424,0.005,0.006,21166.0,13500.0,1.0
z_source[196],1.39,0.433,0.525,2.232,0.004,0.003,14664.0,12005.0,1.0
z_source[197],0.242,0.556,-0.878,1.293,0.004,0.004,15926.0,12890.0,1.0
z_source[198],-0.143,0.49,-1.093,0.838,0.004,0.004,16758.0,11614.0,1.0
z_source[199],-0.939,0.681,-2.318,0.353,0.004,0.005,24812.0,14302.0,1.0
z_source[200],-0.524,0.781,-1.999,1.044,0.005,0.007,20656.0,11149.0,1.0
z_source[201],-0.78,0.406,-1.577,0.02,0.004,0.003,10466.0,10631.0,1.0
z_source[202],-0.004,0.483,-0.954,0.927,0.004,0.004,17961.0,12996.0,1.0
z_source[203],1.225,0.614,0.047,2.425,0.007,0.005,8656.0,10047.0,1.0
z_source[204],0.224,0.757,-1.23,1.727,0.006,0.006,18091.0,11564.0,1.0
z_source[205],0.77,0.649,-0.513,2.01,0.004,0.005,21164.0,13349.0,1.0
z_source[206],-0.071,0.967,-1.953,1.809,0.006,0.009,25198.0,10862.0,1.0
z_source[207],-2.814,0.44,-3.684,-1.962,0.004,0.004,10216.0,10295.0,1.0
z_source[208],-0.079,0.515,-1.103,0.902,0.004,0.004,14778.0,12993.0,1.0
z_source[209],-0.18,0.462,-1.106,0.708,0.005,0.004,9213.0,9528.0,1.0
z_source[210],0.463,0.418,-0.323,1.323,0.004,0.003,12381.0,11528.0,1.0
z_source[211],0.54,0.396,-0.235,1.317,0.004,0.003,9629.0,10110.0,1.0
z_source[212],1.032,0.393,0.276,1.817,0.004,0.003,9439.0,9468.0,1.0
z_source[213],-0.851,0.858,-2.542,0.809,0.006,0.008,23352.0,10326.0,1.0
z_source[214],0.255,0.615,-0.952,1.462,0.005,0.004,18022.0,13682.0,1.0
z_source[215],0.065,0.436,-0.794,0.914,0.004,0.003,12010.0,11928.0,1.0
z_source[216],0.113,0.53,-0.92,1.15,0.004,0.004,18078.0,11200.0,1.0
z_source[217],0.558,0.488,-0.387,1.527,0.004,0.004,17708.0,11209.0,1.0
z_source[218],0.326,0.562,-0.788,1.432,0.004,0.005,16226.0,11383.0,1.0
z_source[219],0.332,0.489,-0.666,1.255,0.004,0.003,15181.0,12905.0,1.0
z_source[220],-0.156,0.96,-2.027,1.754,0.006,0.009,25377.0,11591.0,1.0
z_source[221],-1.561,0.473,-2.522,-0.678,0.005,0.003,10907.0,11920.0,1.0
z_source[222],-0.989,0.852,-2.607,0.722,0.007,0.007,16437.0,12071.0,1.0
z_source[223],-1.235,0.581,-2.392,-0.127,0.005,0.004,11567.0,11988.0,1.0
z_source[224],0.417,0.984,-1.507,2.288,0.006,0.009,24209.0,11257.0,1.0
z_source[225],-0.001,0.53,-1.082,0.987,0.004,0.004,16857.0,13180.0,1.0
z_source[226],0.408,0.446,-0.452,1.294,0.004,0.004,10760.0,11211.0,1.0
z_source[227],0.156,0.47,-0.768,1.069,0.004,0.004,15734.0,12338.0,1.0
z_source[228],-0.147,0.761,-1.651,1.33,0.005,0.006,21400.0,12435.0,1.0
z_source[229],0.737,0.416,-0.069,1.551,0.004,0.003,10202.0,10987.0,1.0
z_source[230],0.419,0.838,-1.193,2.091,0.006,0.008,22908.0,11045.0,1.0
z_source[231],-0.387,0.4,-1.149,0.409,0.004,0.003,10241.0,9970.0,1.0
z_source[232],-0.047,0.583,-1.18,1.098,0.005,0.005,16420.0,11534.0,1.0
z_source[233],0.403,0.477,-0.503,1.351,0.004,0.004,16505.0,12023.0,1.0
z_source[234],-1.078,0.7,-2.473,0.28,0.005,0.006,22736.0,12398.0,1.0
z_source[235],1.204,0.398,0.435,1.988,0.004,0.003,9322.0,9680.0,1.0
z_source[236],0.414,0.545,-0.659,1.467,0.004,0.004,15330.0,13450.0,1.0
z_source[237],0.457,0.582,-0.658,1.601,0.006,0.005,10008.0,11132.0,1.0
z_source[238],0.639,0.426,-0.195,1.472,0.004,0.003,12587.0,11111.0,1.0
z_source[239],-0.052,0.503,-1.02,0.95,0.004,0.004,14834.0,13604.0,1.0
z_source[240],0.093,0.671,-1.241,1.387,0.004,0.005,22348.0,12654.0,1.0
z_source[241],0.822,0.396,0.039,1.587,0.004,0.003,10544.0,10318.0,1.0
z_source[242],-0.551,0.745,-2.01,0.906,0.005,0.006,21763.0,13320.0,1.0
z_source[243],-0.578,0.473,-1.499,0.35,0.004,0.004,13086.0,12401.0,1.0
z_source[244],0.504,0.586,-0.676,1.626,0.005,0.005,16115.0,11123.0,1.0
z_source[245],0.337,0.511,-0.598,1.37,0.004,0.004,15858.0,11993.0,1.0
z_source[246],-1.557,0.447,-2.411,-0.665,0.004,0.004,11797.0,10886.0,1.0
z_source[247],-0.419,0.938,-2.208,1.457,0.006,0.008,26225.0,11947.0,1.0
z_source[248],-0.272,0.857,-1.952,1.394,0.006,0.008,23698.0,10896.0,1.0
z_source[249],0.069,0.463,-0.818,0.989,0.004,0.004,15835.0,11866.0,1.0
z_source[250],0.626,0.857,-1.075,2.276,0.005,0.008,24700.0,10055.0,1.0
z_source[251],-1.458,0.484,-2.389,-0.479,0.004,0.004,15399.0,12381.0,1.0
z_source[252],0.728,0.452,-0.13,1.632,0.005,0.003,9855.0,10111.0,1.0
z_source[253],-0.576,0.402,-1.364,0.212,0.004,0.003,11958.0,10753.0,1.0
z_source[254],-1.075,0.656,-2.38,0.178,0.004,0.005,22069.0,13448.0,1.0
z_source[255],-0.841,0.908,-2.599,0.986,0.006,0.008,21646.0,11147.0,1.0
z_source[256],0.112,0.678,-1.168,1.469,0.006,0.005,13966.0,12462.0,1.0
z_source[257],0.044,0.521,-0.978,1.061,0.004,0.004,15360.0,11045.0,1.0
z_source[258],0.679,0.596,-0.49,1.839,0.005,0.005,17231.0,11968.0,1.0
z_source[259],-0.241,0.396,-1.008,0.55,0.004,0.003,11059.0,10453.0,1.0
z_source[260],0.721,0.399,-0.052,1.499,0.004,0.003,12206.0,10442.0,1.0
z_source[261],-0.09,0.885,-1.766,1.698,0.006,0.008,23459.0,11328.0,1.0
z_source[262],0.3,0.465,-0.591,1.249,0.004,0.004,14117.0,11074.0,1.0
z_source[263],0.577,0.452,-0.343,1.425,0.004,0.004,14126.0,12134.0,1.0
z_source[264],-0.491,0.462,-1.365,0.445,0.004,0.004,11923.0,11773.0,1.0
z_source[265],-0.411,0.59,-1.569,0.725,0.006,0.004,9774.0,10683.0,1.0
z_source[266],-0.125,0.95,-1.962,1.714,0.006,0.008,24113.0,10893.0,1.0
z_source[267],0.866,0.396,0.063,1.616,0.004,0.003,11030.0,10387.0,1.0
z_source[268],-0.788,0.567,-1.915,0.303,0.004,0.004,16143.0,12924.0,1.0
z_source[269],0.008,0.87,-1.732,1.678,0.006,0.007,24011.0,12484.0,1.0
z_source[270],-1.299,0.487,-2.242,-0.317,0.005,0.004,10920.0,11423.0,1.0
z_source[271],1.291,0.549,0.199,2.356,0.005,0.004,13877.0,12052.0,1.0
z_source[272],-0.06,0.914,-1.884,1.673,0.006,0.008,25811.0,11202.0,1.0
z_source[273],0.328,0.49,-0.674,1.235,0.004,0.004,13070.0,10810.0,1.0
z_source[274],-0.07,0.977,-1.948,1.908,0.006,0.009,23839.0,10165.0,1.0
z_source[275],0.275,0.554,-0.82,1.337,0.004,0.005,17232.0,10675.0,1.0
z_source[276],-0.43,0.529,-1.443,0.622,0.004,0.004,16723.0,13561.0,1.0
z_source[277],0.22,0.56,-0.894,1.288,0.004,0.004,17225.0,12589.0,1.0
z_source[278],-0.352,0.807,-1.942,1.202,0.006,0.007,20827.0,11456.0,1.0
z_source[279],0.411,0.418,-0.408,1.241,0.004,0.003,11459.0,11783.0,1.0
z_source[280],-0.95,0.641,-2.207,0.307,0.005,0.005,19733.0,12552.0,1.0
z_source[281],0.057,0.409,-0.732,0.874,0.004,0.003,11756.0,10819.0,1.0
z_source[282],0.824,0.491,-0.135,1.788,0.005,0.004,10529.0,11481.0,1.0
z_source[283],0.173,0.429,-0.653,1.031,0.004,0.003,12370.0,11338.0,1.0
z_source[284],0.418,0.903,-1.366,2.159,0.006,0.008,25362.0,10992.0,1.0
z_source[285],-1.12,0.558,-2.193,-0.014,0.005,0.004,13409.0,10889.0,1.0
z_source[286],-1.076,0.556,-2.155,0.035,0.005,0.004,13717.0,11516.0,1.0
z_source[287],0.65,0.423,-0.202,1.462,0.004,0.003,11001.0,11791.0,1.0
z_source[288],0.586,0.391,-0.185,1.338,0.004,0.003,9501.0,9647.0,1.0
z_source[289],-0.151,0.446,-1.011,0.729,0.004,0.003,10878.0,10558.0,1.0
z_source[290],-0.354,0.487,-1.298,0.606,0.004,0.004,16816.0,12249.0,1.0
z_source[291],-2.97,0.47,-3.881,-2.028,0.005,0.003,8768.0,10403.0,1.0
z_source[292],-0.032,1.0,-2.014,1.882,0.006,0.01,24815.0,10375.0,1.0
z_source[293],1.21,0.578,0.058,2.321,0.004,0.004,21974.0,13699.0,1.0
z_source[294],-0.278,0.424,-1.094,0.558,0.004,0.003,10139.0,10461.0,1.0
z_source[295],0.007,0.538,-1.005,1.106,0.004,0.005,17450.0,10746.0,1.0
z_source[296],0.711,0.521,-0.306,1.733,0.004,0.004,16924.0,11832.0,1.0
tau_group[0],0.452,0.115,0.237,0.685,0.001,0.001,6121.0,6130.0,1.0
tau_group[1],0.586,0.384,0.007,1.334,0.005,0.005,6296.0,5375.0,1.0
tau_group[2],0.392,0.148,0.133,0.701,0.002,0.002,4768.0,3165.0,1.0
tau_group[3],0.413,0.077,0.264,0.56,0.001,0.001,6330.0,7202.0,1.0
sigma_source[0],0.447,0.057,0.341,0.559,0.001,0.0,5317.0,8219.0,1.0
sigma_source[1],0.256,0.139,0.072,0.533,0.002,0.002,5909.0,9171.0,1.0
sigma_source[2],0.338,0.066,0.218,0.468,0.001,0.001,5298.0,9447.0,1.0
sigma_source[3],0.53,0.041,0.452,0.609,0.001,0.0,5245.0,7808.0,1.0
mu_global,-1.641,0.116,-1.886,-1.42,0.001,0.002,13265.0,10105.0,1.0
p_source[0],0.091,0.043,0.023,0.177,0.0,0.0,22732.0,10998.0,1.0
p_source[1],0.318,0.064,0.195,0.446,0.0,0.001,23898.0,10833.0,1.0
p_source[2],0.117,0.06,0.026,0.24,0.0,0.001,21131.0,11449.0,1.0
p_source[3],0.214,0.008,0.199,0.228,0.0,0.0,15778.0,11636.0,1.0
p_source[4],0.112,0.006,0.099,0.124,0.0,0.0,16238.0,10586.0,1.0
p_source[5],0.079,0.044,0.014,0.167,0.0,0.001,22114.0,12536.0,1.0
p_source[6],0.044,0.006,0.032,0.056,0.0,0.0,17643.0,11490.0,1.0
p_source[7],0.163,0.038,0.095,0.24,0.0,0.0,22009.0,11609.0,1.0
p_source[8],0.124,0.041,0.05,0.205,0.0,0.0,24857.0,11396.0,1.0
p_source[9],0.164,0.013,0.14,0.19,0.0,0.0,15564.0,12459.0,1.0
p_source[10],0.126,0.007,0.113,0.139,0.0,0.0,15627.0,11242.0,1.0
p_source[11],0.099,0.004,0.091,0.107,0.0,0.0,16221.0,11921.0,1.0
p_source[12],0.413,0.021,0.372,0.454,0.0,0.0,16149.0,12371.0,1.0
p_source[13],0.135,0.011,0.113,0.157,0.0,0.0,16058.0,9937.0,1.0
p_source[14],0.153,0.015,0.124,0.182,0.0,0.0,17024.0,12076.0,1.0
p_source[15],0.17,0.009,0.153,0.186,0.0,0.0,15908.0,12385.0,1.0
p_source[16],0.21,0.006,0.199,0.22,0.0,0.0,16090.0,11793.0,1.0
p_source[17],0.086,0.005,0.077,0.095,0.0,0.0,14525.0,10919.0,1.0
p_source[18],0.085,0.03,0.034,0.145,0.0,0.0,21071.0,11228.0,1.0
p_source[19],0.053,0.007,0.039,0.067,0.0,0.0,18980.0,13543.0,1.0
p_source[20],0.225,0.028,0.174,0.285,0.0,0.0,17345.0,11104.0,1.0
p_source[21],0.056,0.029,0.011,0.112,0.0,0.0,22133.0,11790.0,1.0
p_source[22],0.208,0.026,0.157,0.258,0.0,0.0,17534.0,11900.0,1.0
p_source[23],0.058,0.005,0.049,0.067,0.0,0.0,16722.0,11039.0,1.0
p_source[24],0.307,0.074,0.171,0.456,0.001,0.001,21396.0,10647.0,1.0
p_source[25],0.289,0.014,0.262,0.315,0.0,0.0,15954.0,11654.0,1.0
p_source[26],0.101,0.007,0.087,0.115,0.0,0.0,15491.0,11723.0,1.0
p_source[27],0.18,0.058,0.077,0.296,0.0,0.001,21632.0,11830.0,1.0
p_source[28],0.26,0.038,0.187,0.335,0.0,0.0,20714.0,11013.0,1.0
p_source[29],0.061,0.033,0.012,0.126,0.0,0.0,23536.0,11895.0,1.0
p_source[30],0.221,0.035,0.155,0.291,0.0,0.0,18425.0,11865.0,1.0
p_source[31],0.035,0.007,0.023,0.048,0.0,0.0,20330.0,11297.0,1.0
p_source[32],0.201,0.018,0.168,0.237,0.0,0.0,16037.0,11353.0,1.0
p_source[33],0.193,0.016,0.162,0.224,0.0,0.0,16147.0,13011.0,1.0
p_source[34],0.022,0.002,0.019,0.025,0.0,0.0,14803.0,12567.0,1.0
p_source[35],0.102,0.01,0.084,0.121,0.0,0.0,16533.0,11447.0,1.0
p_source[36],0.077,0.014,0.05,0.103,0.0,0.0,20448.0,10506.0,1.0
p_source[37],0.064,0.014,0.039,0.092,0.0,0.0,17943.0,12470.0,1.0
p_source[38],0.159,0.049,0.075,0.263,0.0,0.0,23272.0,12008.0,1.0
p_source[39],0.148,0.049,0.057,0.241,0.0,0.0,21007.0,10410.0,1.0
p_source[40],0.21,0.006,0.197,0.222,0.0,0.0,16611.0,11055.0,1.0
p_source[41],0.083,0.006,0.071,0.095,0.0,0.0,15939.0,13136.0,1.0
p_source[42],0.205,0.055,0.102,0.313,0.0,0.0,21288.0,10615.0,1.0
p_source[43],0.115,0.034,0.052,0.182,0.0,0.0,21064.0,12372.0,1.0
p_source[44],0.301,0.018,0.267,0.336,0.0,0.0,14634.0,13121.0,1.0
p_source[45],0.173,0.004,0.165,0.181,0.0,0.0,16045.0,11743.0,1.0
p_source[46],0.094,0.004,0.085,0.102,0.0,0.0,16366.0,12051.0,1.0
p_source[47],0.15,0.011,0.128,0.172,0.0,0.0,16200.0,12073.0,1.0
p_source[48],0.301,0.054,0.192,0.412,0.0,0.001,20474.0,11012.0,1.0
p_source[49],0.133,0.048,0.05,0.229,0.0,0.0,21890.0,12150.0,1.0
p_source[50],0.094,0.031,0.04,0.159,0.0,0.0,22983.0,12336.0,1.0
p_source[51],0.275,0.01,0.255,0.295,0.0,0.0,16076.0,11341.0,1.0
p_source[52],0.341,0.008,0.325,0.356,0.0,0.0,15597.0,11956.0,1.0
p_source[53],0.125,0.06,0.027,0.242,0.0,0.001,23405.0,11620.0,1.0
p_source[54],0.11,0.005,0.1,0.119,0.0,0.0,16496.0,12103.0,1.0
p_source[55],0.052,0.005,0.043,0.061,0.0,0.0,15911.0,11190.0,1.0
p_source[56],0.188,0.005,0.179,0.197,0.0,0.0,16162.0,11623.0,1.0
p_source[57],0.183,0.02,0.144,0.222,0.0,0.0,18342.0,10372.0,1.0
p_source[58],0.165,0.005,0.155,0.175,0.0,0.0,16071.0,12480.0,1.0
p_source[59],0.099,0.005,0.089,0.108,0.0,0.0,15879.0,11236.0,1.0
p_source[60],0.138,0.012,0.114,0.162,0.0,0.0,15033.0,10125.0,1.0
p_source[61],0.123,0.006,0.111,0.135,0.0,0.0,16386.0,10137.0,1.0
p_source[62],0.126,0.029,0.073,0.186,0.0,0.0,20178.0,11934.0,1.0
p_source[63],0.152,0.062,0.049,0.276,0.0,0.001,22590.0,12480.0,1.0
p_source[64],0.129,0.025,0.082,0.178,0.0,0.0,20870.0,12086.0,1.0
p_source[65],0.123,0.013,0.099,0.148,0.0,0.0,17133.0,12284.0,1.0
p_source[66],0.082,0.008,0.066,0.097,0.0,0.0,16050.0,10148.0,1.0
p_source[67],0.173,0.029,0.117,0.23,0.0,0.0,19606.0,12324.0,1.0
p_source[68],0.136,0.01,0.117,0.155,0.0,0.0,16349.0,12686.0,1.0
p_source[69],0.185,0.017,0.151,0.218,0.0,0.0,17663.0,11190.0,1.0
p_source[70],0.193,0.009,0.176,0.21,0.0,0.0,16058.0,12540.0,1.0
p_source[71],0.23,0.01,0.21,0.251,0.0,0.0,16220.0,11763.0,1.0
p_source[72],0.197,0.073,0.068,0.342,0.001,0.001,20252.0,11531.0,1.0
p_source[73],0.122,0.006,0.111,0.133,0.0,0.0,16889.0,13203.0,1.0
p_source[74],0.192,0.014,0.166,0.219,0.0,0.0,16279.0,11789.0,1.0
p_source[75],0.111,0.006,0.099,0.122,0.0,0.0,15958.0,12104.0,1.0
p_source[76],0.133,0.021,0.091,0.175,0.0,0.0,23218.0,12317.0,1.0
p_source[77],0.114,0.009,0.097,0.133,0.0,0.0,16428.0,11922.0,1.0
p_source[78],0.24,0.026,0.187,0.288,0.0,0.0,22085.0,12011.0,1.0
p_source[79],0.193,0.028,0.14,0.247,0.0,0.0,19600.0,13081.0,1.0
p_source[80],0.14,0.007,0.126,0.154,0.0,0.0,15293.0,12117.0,1.0
p_source[81],0.134,0.027,0.083,0.189,0.0,0.0,21957.0,9092.0,1.0
p_source[82],0.193,0.005,0.184,0.203,0.0,0.0,16031.0,11989.0,1.0
p_source[83],0.199,0.052,0.099,0.299,0.0,0.0,21880.0,11753.0,1.0
p_source[84],0.171,0.005,0.161,0.181,0.0,0.0,16384.0,11592.0,1.0
p_source[85],0.222,0.008,0.206,0.237,0.0,0.0,16319.0,13719.0,1.0
p_source[86],0.189,0.01,0.171,0.208,0.0,0.0,16109.0,12527.0,1.0
p_source[87],0.04,0.006,0.028,0.053,0.0,0.0,19271.0,9812.0,1.0
p_source[88],0.223,0.011,0.201,0.245,0.0,0.0,15624.0,12716.0,1.0
p_source[89],0.161,0.034,0.097,0.226,0.0,0.0,22261.0,11058.0,1.0
p_source[90],0.184,0.055,0.084,0.293,0.0,0.001,23588.0,11025.0,1.0
p_source[91],0.178,0.032,0.115,0.238,0.0,0.0,21892.0,11200.0,1.0
p_source[92],0.25,0.035,0.183,0.32,0.0,0.0,21855.0,11046.0,1.0
p_source[93],0.198,0.012,0.175,0.22,0.0,0.0,16029.0,13128.0,1.0
p_source[94],0.143,0.047,0.06,0.238,0.0,0.0,21866.0,11058.0,1.0
p_source[95],0.219,0.051,0.125,0.322,0.0,0.0,21787.0,10649.0,1.0
p_source[96],0.079,0.005,0.069,0.089,0.0,0.0,16274.0,12538.0,1.0
p_source[97],0.118,0.063,0.02,0.245,0.0,0.001,22645.0,10842.0,1.0
p_source[98],0.101,0.05,0.022,0.2,0.0,0.001,22547.0,11584.0,1.0
p_source[99],0.055,0.002,0.05,0.06,0.0,0.0,16492.0,14206.0,1.0
p_source[100],0.12,0.017,0.086,0.153,0.0,0.0,16459.0,10152.0,1.0
p_source[101],0.199,0.02,0.161,0.238,0.0,0.0,17454.0,11220.0,1.0
p_source[102],0.053,0.012,0.032,0.076,0.0,0.0,22017.0,9736.0,1.0
p_source[103],0.119,0.006,0.106,0.131,0.0,0.0,16378.0,12356.0,1.0
p_source[104],0.168,0.014,0.142,0.197,0.0,0.0,16226.0,11739.0,1.0
p_source[105],0.136,0.035,0.072,0.207,0.0,0.0,22807.0,11388.0,1.0
p_source[106],0.233,0.041,0.156,0.313,0.0,0.0,22834.0,11121.0,1.0
p_source[107],0.162,0.073,0.039,0.306,0.0,0.001,23446.0,12139.0,1.0
p_source[108],0.211,0.006,0.199,0.222,0.0,0.0,15726.0,12710.0,1.0
p_source[109],0.149,0.057,0.051,0.261,0.0,0.001,21659.0,11163.0,1.0
p_source[110],0.109,0.049,0.029,0.206,0.0,0.001,22148.0,11955.0,1.0
p_source[111],0.157,0.035,0.091,0.226,0.0,0.0,21424.0,12063.0,1.0
p_source[112],0.173,0.021,0.132,0.213,0.0,0.0,18187.0,11977.0,1.0
p_source[113],0.095,0.051,0.019,0.196,0.0,0.001,23067.0,12581.0,1.0
p_source[114],0.176,0.056,0.076,0.288,0.0,0.001,21432.0,12340.0,1.0
p_source[115],0.127,0.01,0.107,0.148,0.0,0.0,16507.0,12396.0,1.0
p_source[116],0.134,0.008,0.119,0.149,0.0,0.0,16381.0,11088.0,1.0
p_source[117],0.154,0.005,0.144,0.164,0.0,0.0,15919.0,13019.0,1.0
p_source[118],0.042,0.004,0.035,0.05,0.0,0.0,15424.0,12750.0,1.0
p_source[119],0.16,0.038,0.089,0.233,0.0,0.0,23239.0,10005.0,1.0
p_source[120],0.111,0.004,0.102,0.119,0.0,0.0,15876.0,10706.0,1.0
p_source[121],0.19,0.006,0.179,0.201,0.0,0.0,16220.0,11892.0,1.0
p_source[122],0.15,0.053,0.055,0.253,0.0,0.0,23479.0,11085.0,1.0
p_source[123],0.145,0.055,0.051,0.257,0.0,0.001,21165.0,12092.0,1.0
p_source[124],0.13,0.009,0.114,0.148,0.0,0.0,16403.0,11502.0,1.0
p_source[125],0.103,0.048,0.024,0.195,0.0,0.0,23695.0,11950.0,1.0
p_source[126],0.177,0.013,0.152,0.204,0.0,0.0,16121.0,13294.0,1.0
p_source[127],0.17,0.014,0.142,0.198,0.0,0.0,16436.0,13095.0,1.0
p_source[128],0.166,0.012,0.141,0.19,0.0,0.0,16447.0,12005.0,1.0
p_source[129],0.188,0.012,0.164,0.211,0.0,0.0,15800.0,13074.0,1.0
p_source[130],0.199,0.007,0.184,0.213,0.0,0.0,15905.0,10203.0,1.0
p_source[131],0.156,0.049,0.066,0.251,0.0,0.0,20673.0,11262.0,1.0
p_source[132],0.262,0.03,0.204,0.322,0.0,0.0,17335.0,10127.0,1.0
p_source[133],0.284,0.018,0.248,0.32,0.0,0.0,20562.0,12043.0,1.0
p_source[134],0.144,0.007,0.131,0.158,0.0,0.0,15844.0,13344.0,1.0
p_source[135],0.076,0.005,0.066,0.086,0.0,0.0,15947.0,10759.0,1.0
p_source[136],0.03,0.008,0.015,0.045,0.0,0.0,18039.0,11245.0,1.0
p_source[137],0.131,0.037,0.067,0.21,0.0,0.0,20063.0,11307.0,1.0
p_source[138],0.204,0.009,0.187,0.221,0.0,0.0,16388.0,11967.0,1.0
p_source[139],0.025,0.006,0.015,0.036,0.0,0.0,18623.0,10621.0,1.0
p_source[140],0.122,0.018,0.087,0.157,0.0,0.0,16179.0,10267.0,1.0
p_source[141],0.054,0.007,0.04,0.068,0.0,0.0,17803.0,10708.0,1.0
p_source[142],0.096,0.047,0.021,0.19,0.0,0.001,22906.0,11781.0,1.0
p_source[143],0.091,0.006,0.078,0.103,0.0,0.0,15877.0,12644.0,1.0
p_source[144],0.141,0.006,0.129,0.153,0.0,0.0,15525.0,11620.0,1.0
p_source[145],0.28,0.025,0.23,0.33,0.0,0.0,17430.0,10387.0,1.0
p_source[146],0.073,0.009,0.056,0.091,0.0,0.0,16389.0,9756.0,1.0
p_source[147],0.186,0.008,0.171,0.202,0.0,0.0,16232.0,13800.0,1.0
p_source[148],0.061,0.016,0.03,0.092,0.0,0.0,22217.0,11249.0,1.0
p_source[149],0.229,0.078,0.093,0.383,0.001,0.001,23309.0,11686.0,1.0
p_source[150],0.111,0.023,0.069,0.157,0.0,0.0,21624.0,9780.0,1.0
p_source[151],0.164,0.04,0.088,0.242,0.0,0.0,23144.0,11213.0,1.0
p_source[152],0.357,0.096,0.179,0.545,0.001,0.001,22152.0,11382.0,1.0
p_source[153],0.086,0.027,0.038,0.14,0.0,0.0,18165.0,11088.0,1.0
p_source[154],0.181,0.072,0.058,0.322,0.001,0.001,19043.0,12764.0,1.0
p_source[155],0.189,0.004,0.18,0.197,0.0,0.0,15523.0,12857.0,1.0
p_source[156],0.127,0.025,0.08,0.177,0.0,0.0,23176.0,10310.0,1.0
p_source[157],0.204,0.011,0.183,0.225,0.0,0.0,16545.0,12635.0,1.0
p_source[158],0.291,0.02,0.252,0.33,0.0,0.0,18356.0,13563.0,1.0
p_source[159],0.179,0.005,0.168,0.189,0.0,0.0,15955.0,14029.0,1.0
p_source[160],0.194,0.008,0.178,0.21,0.0,0.0,15807.0,12656.0,1.0
p_source[161],0.127,0.007,0.113,0.139,0.0,0.0,16110.0,12827.0,1.0
p_source[162],0.117,0.007,0.103,0.132,0.0,0.0,15699.0,13113.0,1.0
p_source[163],0.231,0.01,0.211,0.25,0.0,0.0,16616.0,11756.0,1.0
p_source[164],0.055,0.009,0.038,0.072,0.0,0.0,21100.0,12631.0,1.0
p_source[165],0.043,0.009,0.026,0.062,0.0,0.0,21339.0,12221.0,1.0
p_source[166],0.076,0.003,0.069,0.082,0.0,0.0,16377.0,14028.0,1.0
p_source[167],0.09,0.008,0.075,0.106,0.0,0.0,16347.0,10891.0,1.0
p_source[168],0.224,0.013,0.199,0.251,0.0,0.0,15911.0,10621.0,1.0
p_source[169],0.132,0.004,0.124,0.139,0.0,0.0,16037.0,12461.0,1.0
p_source[170],0.129,0.029,0.075,0.185,0.0,0.0,23438.0,10704.0,1.0
p_source[171],0.077,0.025,0.034,0.128,0.0,0.0,22688.0,9891.0,1.0
p_source[172],0.156,0.027,0.105,0.21,0.0,0.0,17713.0,12611.0,1.0
p_source[173],0.101,0.009,0.084,0.119,0.0,0.0,16090.0,10735.0,1.0
p_source[174],0.192,0.041,0.115,0.274,0.0,0.0,15323.0,13635.0,1.0
p_source[175],0.137,0.015,0.107,0.167,0.0,0.0,17042.0,10701.0,1.0
p_source[176],0.146,0.059,0.047,0.263,0.0,0.001,22877.0,10182.0,1.0
p_source[177],0.144,0.006,0.132,0.156,0.0,0.0,16037.0,13199.0,1.0
p_source[178],0.284,0.014,0.257,0.312,0.0,0.0,15792.0,11063.0,1.0
p_source[179],0.159,0.067,0.047,0.291,0.0,0.001,22252.0,11746.0,1.0
p_source[180],0.098,0.013,0.073,0.125,0.0,0.0,16695.0,12039.0,1.0
p_source[181],0.058,0.008,0.043,0.075,0.0,0.0,18689.0,10266.0,1.0
p_source[182],0.238,0.015,0.208,0.267,0.0,0.0,15876.0,10687.0,1.0
p_source[183],0.057,0.019,0.025,0.096,0.0,0.0,21472.0,10936.0,1.0
p_source[184],0.121,0.005,0.111,0.13,0.0,0.0,15183.0,11577.0,1.0
p_source[185],0.213,0.006,0.202,0.225,0.0,0.0,15586.0,10128.0,1.0
p_source[186],0.149,0.064,0.046,0.282,0.0,0.001,22506.0,11840.0,1.0
p_source[187],0.183,0.014,0.157,0.21,0.0,0.0,16408.0,11205.0,1.0
p_source[188],0.173,0.063,0.063,0.295,0.0,0.001,22720.0,12014.0,1.0
p_source[189],0.132,0.015,0.102,0.163,0.0,0.0,19425.0,11806.0,1.0
p_source[190],0.174,0.007,0.161,0.188,0.0,0.0,16215.0,12265.0,1.0
p_source[191],0.196,0.013,0.171,0.221,0.0,0.0,15847.0,11456.0,1.0
p_source[192],0.14,0.01,0.121,0.158,0.0,0.0,15837.0,12411.0,1.0
p_source[193],0.124,0.024,0.079,0.171,0.0,0.0,23040.0,11236.0,1.0
p_source[194],0.147,0.005,0.138,0.157,0.0,0.0,15035.0,11462.0,1.0
p_source[195],0.035,0.012,0.015,0.058,0.0,0.0,20766.0,10731.0,1.0
p_source[196],0.28,0.013,0.254,0.305,0.0,0.0,15767.0,12369.0,1.0
p_source[197],0.265,0.018,0.231,0.301,0.0,0.0,16334.0,12247.0,1.0
p_source[198],0.121,0.005,0.111,0.13,0.0,0.0,16536.0,10504.0,1.0
p_source[199],0.064,0.02,0.028,0.102,0.0,0.0,23867.0,11776.0,1.0
p_source[200],0.218,0.046,0.129,0.307,0.0,0.0,19124.0,11284.0,1.0
p_source[201],0.095,0.004,0.087,0.104,0.0,0.0,17096.0,11054.0,1.0
p_source[202],0.131,0.017,0.099,0.165,0.0,0.0,17861.0,12880.0,1.0
p_source[203],0.118,0.009,0.101,0.134,0.0,0.0,15657.0,12784.0,1.0
p_source[204],0.297,0.05,0.2,0.395,0.0,0.0,21071.0,11772.0,1.0
p_source[205],0.301,0.037,0.23,0.372,0.0,0.0,21794.0,12894.0,1.0
p_source[206],0.141,0.067,0.034,0.274,0.0,0.001,21540.0,12361.0,1.0
p_source[207],0.021,0.001,0.018,0.023,0.0,0.0,16389.0,14726.0,1.0
p_source[208],0.194,0.03,0.135,0.252,0.0,0.0,23151.0,9444.0,1.0
p_source[209],0.217,0.014,0.19,0.243,0.0,0.0,15381.0,11362.0,1.0
p_source[210],0.105,0.005,0.095,0.116,0.0,0.0,16267.0,13245.0,1.0
p_source[211],0.169,0.008,0.153,0.185,0.0,0.0,15140.0,11031.0,1.0
p_source[212],0.209,0.005,0.2,0.218,0.0,0.0,16212.0,12691.0,1.0
p_source[213],0.074,0.033,0.019,0.138,0.0,0.0,22697.0,11683.0,1.0
p_source[214],0.267,0.029,0.213,0.327,0.0,0.0,19064.0,11413.0,1.0
p_source[215],0.167,0.015,0.138,0.196,0.0,0.0,16603.0,11990.0,1.0
p_source[216],0.16,0.015,0.132,0.19,0.0,0.0,15601.0,10456.0,1.0
p_source[217],0.195,0.01,0.175,0.214,0.0,0.0,15712.0,12753.0,1.0
p_source[218],0.163,0.007,0.151,0.176,0.0,0.0,16204.0,12398.0,1.0
p_source[219],0.172,0.026,0.124,0.224,0.0,0.0,21519.0,10902.0,1.0
p_source[220],0.067,0.038,0.012,0.143,0.0,0.0,21844.0,12232.0,1.0
p_source[221],0.07,0.005,0.06,0.08,0.0,0.0,16029.0,12701.0,1.0
p_source[222],0.108,0.011,0.086,0.13,0.0,0.0,14835.0,11199.0,1.0
p_source[223],0.154,0.01,0.136,0.174,0.0,0.0,15068.0,12345.0,1.0
p_source[224],0.103,0.057,0.018,0.216,0.0,0.001,20601.0,12800.0,1.0
p_source[225],0.109,0.021,0.069,0.151,0.0,0.0,23955.0,10427.0,1.0
p_source[226],0.212,0.008,0.197,0.228,0.0,0.0,15808.0,13205.0,1.0
p_source[227],0.179,0.014,0.152,0.207,0.0,0.0,15928.0,12255.0,1.0
p_source[228],0.073,0.026,0.028,0.127,0.0,0.0,20241.0,12440.0,1.0
p_source[229],0.124,0.004,0.115,0.132,0.0,0.0,16073.0,12021.0,1.0
p_source[230],0.138,0.046,0.06,0.233,0.0,0.0,22389.0,11397.0,1.0
p_source[231],0.116,0.006,0.106,0.127,0.0,0.0,15552.0,11972.0,1.0
p_source[232],0.162,0.036,0.095,0.233,0.0,0.0,22494.0,9602.0,1.0
p_source[233],0.13,0.005,0.121,0.139,0.0,0.0,15091.0,10943.0,1.0
p_source[234],0.06,0.02,0.024,0.099,0.0,0.0,21679.0,11747.0,1.0
p_source[235],0.224,0.008,0.209,0.239,0.0,0.0,15762.0,11868.0,1.0
p_source[236],0.109,0.017,0.077,0.143,0.0,0.0,19309.0,11883.0,1.0
p_source[237],0.08,0.005,0.069,0.09,0.0,0.0,16131.0,12546.0,1.0
p_source[238],0.258,0.012,0.234,0.283,0.0,0.0,15251.0,11815.0,1.0
p_source[239],0.146,0.024,0.1,0.192,0.0,0.0,21652.0,11374.0,1.0
p_source[240],0.096,0.026,0.048,0.149,0.0,0.0,21829.0,12393.0,1.0
p_source[241],0.199,0.007,0.186,0.213,0.0,0.0,16033.0,13455.0,1.0
p_source[242],0.09,0.025,0.043,0.139,0.0,0.0,20616.0,10720.0,1.0
p_source[243],0.102,0.012,0.079,0.126,0.0,0.0,18159.0,10938.0,1.0
p_source[244],0.279,0.008,0.263,0.294,0.0,0.0,15773.0,11714.0,1.0
p_source[245],0.104,0.01,0.084,0.124,0.0,0.0,15578.0,10534.0,1.0
p_source[246],0.033,0.002,0.029,0.036,0.0,0.0,16490.0,13348.0,1.0
p_source[247],0.131,0.053,0.042,0.237,0.0,0.001,22492.0,12853.0,1.0
p_source[248],0.128,0.053,0.038,0.235,0.0,0.001,22800.0,11840.0,1.0
p_source[249],0.106,0.008,0.09,0.12,0.0,0.0,15945.0,11903.0,1.0
p_source[250],0.181,0.07,0.06,0.324,0.0,0.001,23160.0,11200.0,1.0
p_source[251],0.041,0.007,0.029,0.054,0.0,0.0,21281.0,11034.0,1.0
p_source[252],0.309,0.017,0.277,0.342,0.0,0.0,16005.0,12663.0,1.0
p_source[253],0.09,0.004,0.083,0.098,0.0,0.0,16275.0,13641.0,1.0
p_source[254],0.054,0.015,0.027,0.083,0.0,0.0,22057.0,13273.0,1.0
p_source[255],0.118,0.036,0.052,0.193,0.0,0.0,19840.0,12759.0,1.0
p_source[256],0.151,0.019,0.115,0.187,0.0,0.0,19423.0,12487.0,1.0
p_source[257],0.217,0.006,0.204,0.229,0.0,0.0,15898.0,12580.0,1.0
p_source[258],0.291,0.017,0.258,0.326,0.0,0.0,15924.0,11488.0,1.0
p_source[259],0.123,0.004,0.115,0.13,0.0,0.0,15302.0,13926.0,1.0
p_source[260],0.164,0.003,0.159,0.169,0.0,0.0,15533.0,11180.0,1.0
p_source[261],0.173,0.046,0.09,0.266,0.0,0.0,20025.0,11731.0,1.0
p_source[262],0.125,0.006,0.114,0.137,0.0,0.0,16710.0,13083.0,1.0
p_source[263],0.129,0.004,0.121,0.137,0.0,0.0,16115.0,11795.0,1.0
p_source[264],0.167,0.01,0.147,0.187,0.0,0.0,16214.0,11707.0,1.0
p_source[265],0.271,0.005,0.261,0.281,0.0,0.0,15397.0,12860.0,1.0
p_source[266],0.196,0.066,0.075,0.324,0.0,0.001,22491.0,12632.0,1.0
p_source[267],0.2,0.004,0.193,0.208,0.0,0.0,16222.0,12649.0,1.0
p_source[268],0.105,0.019,0.071,0.144,0.0,0.0,19562.0,11985.0,1.0
p_source[269],0.201,0.056,0.095,0.311,0.0,0.0,21821.0,12344.0,1.0
p_source[270],0.134,0.007,0.121,0.146,0.0,0.0,16009.0,13956.0,1.0
p_source[271],0.35,0.022,0.307,0.393,0.0,0.0,17248.0,13357.0,1.0
p_source[272],0.07,0.03,0.021,0.13,0.0,0.0,21735.0,12415.0,1.0
p_source[273],0.168,0.011,0.146,0.191,0.0,0.0,15520.0,12093.0,1.0
p_source[274],0.136,0.068,0.032,0.275,0.001,0.001,21662.0,11894.0,1.0
p_source[275],0.145,0.015,0.115,0.174,0.0,0.0,15969.0,10237.0,1.0
p_source[276],0.089,0.013,0.063,0.116,0.0,0.0,18365.0,9855.0,1.0
p_source[277],0.166,0.034,0.104,0.233,0.0,0.0,22634.0,11399.0,1.0
p_source[278],0.116,0.045,0.037,0.204,0.0,0.0,22010.0,11237.0,1.0
p_source[279],0.103,0.006,0.092,0.115,0.0,0.0,15353.0,12348.0,1.0
p_source[280],0.108,0.023,0.066,0.153,0.0,0.0,21057.0,10050.0,1.0
p_source[281],0.141,0.01,0.122,0.16,0.0,0.0,15918.0,9451.0,1.0
p_source[282],0.236,0.015,0.207,0.266,0.0,0.0,18118.0,11391.0,1.0
p_source[283],0.214,0.011,0.193,0.234,0.0,0.0,16714.0,12953.0,1.0
p_source[284],0.202,0.085,0.055,0.368,0.001,0.001,22803.0,11667.0,1.0
p_source[285],0.041,0.004,0.034,0.049,0.0,0.0,15916.0,13065.0,1.0
p_source[286],0.042,0.004,0.035,0.049,0.0,0.0,15681.0,12666.0,1.0
p_source[287],0.115,0.007,0.101,0.128,0.0,0.0,15487.0,11861.0,1.0
p_source[288],0.172,0.005,0.162,0.183,0.0,0.0,16218.0,13102.0,1.0
p_source[289],0.066,0.003,0.061,0.071,0.0,0.0,16399.0,12432.0,1.0
p_source[290],0.091,0.007,0.077,0.105,0.0,0.0,15675.0,10404.0,1.0
p_source[291],0.031,0.003,0.026,0.036,0.0,0.0,16458.0,12582.0,1.0
p_source[292],0.079,0.039,0.02,0.156,0.0,0.0,19460.0,11914.0,1.0
p_source[293],0.249,0.043,0.165,0.332,0.0,0.0,19495.0,11360.0,1.0
p_source[294],0.075,0.006,0.062,0.088,0.0,0.0,15631.0,9512.0,1.0
p_source[295],0.128,0.006,0.116,0.139,0.0,0.0,16384.0,10355.0,1.0
p_source[296],0.2,0.012,0.177,0.223,0.0,0.0,16186.0,11336.0,1.0
prevalence_global,0.163,0.016,0.132,0.194,0.0,0.0,13265.0,10105.0,1.0
prevalence_country[0],0.154,0.029,0.101,0.211,0.0,0.0,17884.0,12269.0,1.0
prevalence_country[1],0.156,0.033,0.095,0.224,0.0,0.0,17102.0,11489.0,1.0
prevalence_country[2],0.092,0.024,0.046,0.137,0.0,0.0,18334.0,12544.0,1.0
prevalence_country[3],0.123,0.023,0.082,0.171,0.0,0.0,13049.0,11235.0,1.0
prevalence_country[4],0.216,0.029,0.159,0.273,0.0,0.0,15184.0,10969.0,1.0
prevalence_country[5],0.134,0.026,0.087,0.189,0.0,0.0,12471.0,10395.0,1.0
prevalence_country[6],0.19,0.04,0.116,0.271,0.0,0.0,12966.0,11170.0,1.0
prevalence_country[7],0.154,0.029,0.102,0.215,0.0,0.0,17830.0,11622.0,1.0
prevalence_country[8],0.091,0.021,0.053,0.134,0.0,0.0,14811.0,11699.0,1.0
prevalence_country[9],0.199,0.05,0.106,0.301,0.0,0.0,20510.0,13361.0,1.0
prevalence_country[10],0.139,0.025,0.093,0.188,0.0,0.0,11139.0,10191.0,1.0
prevalence_country[11],0.109,0.021,0.071,0.151,0.0,0.0,13301.0,11575.0,1.0
prevalence_country[12],0.074,0.017,0.042,0.108,0.0,0.0,10062.0,9605.0,1.0
prevalence_country[13],0.131,0.021,0.093,0.173,0.0,0.0,13178.0,11242.0,1.0
prevalence_country[14],0.201,0.035,0.136,0.274,0.0,0.0,11874.0,9770.0,1.0
prevalence_country[15],0.136,0.03,0.082,0.197,0.0,0.0,19145.0,12976.0,1.0
prevalence_country[16],0.066,0.018,0.032,0.101,0.0,0.0,14124.0,11984.0,1.0
prevalence_country[17],0.178,0.032,0.121,0.246,0.0,0.0,12371.0,10555.0,1.0
prevalence_country[18],0.151,0.026,0.101,0.201,0.0,0.0,13392.0,10554.0,1.0
prevalence_country[19],0.21,0.043,0.128,0.294,0.0,0.001,13011.0,10325.0,1.0
prevalence_country[20],0.114,0.044,0.035,0.199,0.0,0.0,21420.0,11315.0,1.0
prevalence_country[21],0.113,0.025,0.066,0.162,0.0,0.0,14854.0,10473.0,1.0
prevalence_country[22],0.112,0.021,0.073,0.156,0.0,0.0,11381.0,11167.0,1.0
prevalence_country[23],0.073,0.016,0.044,0.104,0.0,0.0,10374.0,10362.0,1.0
prevalence_country[24],0.148,0.027,0.097,0.205,0.0,0.0,10489.0,5771.0,1.0
prevalence_country[25],0.131,0.029,0.078,0.19,0.0,0.0,16778.0,12040.0,1.0
prevalence_country[26],0.111,0.028,0.061,0.168,0.0,0.0,19294.0,12790.0,1.0
prevalence_country[27],0.261,0.033,0.195,0.322,0.0,0.0,9717.0,10801.0,1.0
prevalence_country[28],0.11,0.024,0.066,0.159,0.0,0.0,16844.0,12286.0,1.0
prevalence_country[29],0.132,0.026,0.084,0.184,0.0,0.0,16817.0,12081.0,1.0
prevalence_country[30],0.174,0.025,0.127,0.226,0.0,0.0,13751.0,12040.0,1.0
prevalence_country[31],0.113,0.02,0.076,0.155,0.0,0.0,14775.0,11021.0,1.0
prevalence_country[32],0.28,0.043,0.195,0.362,0.0,0.0,9880.0,9313.0,1.0
prevalence_country[33],0.117,0.023,0.075,0.164,0.0,0.0,12400.0,11321.0,1.0
prevalence_country[34],0.15,0.032,0.093,0.215,0.0,0.0,19007.0,12338.0,1.0
prevalence_country[35],0.089,0.017,0.057,0.124,0.0,0.0,10699.0,10675.0,1.0
prevalence_country[36],0.181,0.038,0.11,0.255,0.0,0.0,15037.0,12327.0,1.0
prevalence_country[37],0.087,0.017,0.056,0.12,0.0,0.0,9803.0,10064.0,1.0
prevalence_country[38],0.247,0.037,0.176,0.32,0.0,0.0,13302.0,11362.0,1.0
prevalence_country[39],0.084,0.021,0.044,0.126,0.0,0.0,16640.0,11432.0,1.0
prevalence_country[40],0.152,0.033,0.09,0.217,0.0,0.0,15608.0,11150.0,1.0
prevalence_country[41],0.141,0.051,0.053,0.242,0.0,0.001,21517.0,12232.0,1.0
prevalence_country[42],0.153,0.041,0.081,0.238,0.0,0.0,21234.0,12172.0,1.0
prevalence_country[43],0.157,0.026,0.108,0.207,0.0,0.0,13764.0,11663.0,1.0
prevalence_country[44],0.072,0.015,0.045,0.102,0.0,0.0,9314.0,7946.0,1.0
prevalence_country[45],0.086,0.017,0.056,0.12,0.0,0.0,12351.0,11616.0,1.0
prevalence_country[46],0.192,0.022,0.15,0.236,0.0,0.0,10873.0,10777.0,1.0
prevalence_country[47],0.162,0.047,0.079,0.255,0.0,0.0,20927.0,12065.0,1.0
prevalence_country[48],0.287,0.029,0.224,0.342,0.0,0.0,10832.0,9025.0,1.0
prevalence_country[49],0.148,0.038,0.081,0.224,0.0,0.0,11526.0,11801.0,1.0
prevalence_country[50],0.162,0.028,0.111,0.219,0.0,0.0,11961.0,11239.0,1.0
prevalence_country[51],0.147,0.031,0.087,0.206,0.0,0.0,15696.0,11383.0,1.0
prevalence_country[52],0.098,0.023,0.056,0.144,0.0,0.0,20380.0,13229.0,1.0
prevalence_country[53],0.077,0.023,0.036,0.123,0.0,0.0,16351.0,11823.0,1.0
prevalence_country[54],0.169,0.033,0.105,0.233,0.0,0.0,15394.0,11889.0,1.0
prevalence_country[55],0.159,0.03,0.104,0.218,0.0,0.0,14152.0,11870.0,1.0
prevalence_country[56],0.164,0.029,0.11,0.223,0.0,0.0,11506.0,11304.0,1.0
prevalence_country[57],0.183,0.042,0.108,0.267,0.0,0.0,12710.0,9721.0,1.0
prevalence_country[58],0.235,0.042,0.156,0.319,0.0,0.0,8893.0,8287.0,1.0
prevalence_country[59],0.13,0.032,0.071,0.192,0.0,0.0,17129.0,11301.0,1.0
prevalence_country[60],0.15,0.028,0.099,0.206,0.0,0.0,12382.0,11011.0,1.0
prevalence_country[61],0.15,0.027,0.101,0.205,0.0,0.0,12667.0,11267.0,1.0
prevalence_country[62],0.145,0.028,0.092,0.199,0.0,0.0,13896.0,11251.0,1.0
prevalence_country[63],0.138,0.031,0.081,0.199,0.0,0.0,18334.0,12572.0,1.0
prevalence_country[64],0.104,0.022,0.063,0.147,0.0,0.0,16041.0,11422.0,1.0
prevalence_country[65],0.175,0.031,0.117,0.237,0.0,0.0,15545.0,12344.0,1.0
prevalence_country[66],0.114,0.023,0.071,0.16,0.0,0.0,13381.0,10563.0,1.0
prevalence_country[67],0.141,0.025,0.094,0.19,0.0,0.0,10370.0,9813.0,1.0
prevalence_country[68],0.25,0.033,0.189,0.317,0.0,0.0,14104.0,11460.0,1.0
prevalence_country[69],0.156,0.03,0.102,0.218,0.0,0.0,15648.0,10941.0,1.0
prevalence_country[70],0.1,0.021,0.061,0.143,0.0,0.0,14575.0,10861.0,1.0
prevalence_country[71],0.12,0.022,0.08,0.165,0.0,0.0,12301.0,10691.0,1.0
prevalence_country[72],0.134,0.024,0.09,0.181,0.0,0.0,9414.0,9323.0,1.0
prevalence_country[73],0.068,0.016,0.04,0.101,0.0,0.0,10165.0,10180.0,1.0
prevalence_group[0],0.129,0.014,0.103,0.158,0.0,0.0,17339.0,12824.0,1.0
prevalence_group[1],0.224,0.068,0.086,0.354,0.001,0.001,13045.0,9807.0,1.0
prevalence_group[2],0.203,0.024,0.157,0.249,0.0,0.0,16843.0,12277.0,1.0
prevalence_group[3],0.12,0.009,0.104,0.138,0.0,0.0,14499.0,12883.0,1.0
